Pollster,Mean_Error
Forschungsgruppe Wahlen,1.5372507683176484
Infratest dimap,1.6086028893118416
Allensbach,1.6745197290717575
Emnid,1.7253108616555033
GMS,1.7597179173188224
Forsa,1.9370394656860401
INSA,1.9852556745416474
YouGov,2.210357014455592
