Pollster,Mean_Error
Allensbach,1.0333333333333332
GMS,1.3366393777298302
Forschungsgruppe Wahlen,1.488506719172519
Infratest dimap,1.669763085809359
Emnid,1.8762997680602698
Forsa,1.9161859776494226
YouGov,1.9882782289041574
INSA,2.030004974375124
